Workbook

Sheet pivot
A1: Revenue (item price + freight, BRL) and orders by category and year
A2: Valid orders only. 2016 and 2018 are partial years. Source: data/exports/dashboard_order_items.csv
A4: category_name | B4: revenue 2016 | C4: revenue 2017 | D4: revenue 2018 | E4: revenue total | F4: orders 2016 | G4: orders 2017 | H4: orders 2018 | I4: target | J4: actual vs target
A5: health_beauty | B5: 5452.4 | C5: 549590.83 | D5: 882622.55 | E5: =SUM(B5:D5) -> 1437665.8 | F5: 43 | G5: 3382 | H5: 5375 | I5: =_xlfn.XLOOKUP(A5,targets!A:A,targets!B:B,"no target") -> 1400000 | J5: =IF(ISNUMBER(I5),E5/I5,"") -> 1.0269041
A6: watches_gifts | B6: 3468.04 | C6: 523487.4 | D6: 771337.03 | E6: =SUM(B6:D6) -> 1298292.5 | F6: 5 | G6: 2114 | H6: 3485 | I6: =_xlfn.XLOOKUP(A6,targets!A:A,targets!B:B,"no target") -> 1200000 | J6: =IF(ISNUMBER(I6),E6/I6,"") -> 1.0819104
A7: bed_bath_table | B7: 606.58 | C7: 589698.39 | D7: 650081.16 | E7: =SUM(B7:D7) -> 1240386.1 | F7: 5 | G7: 4496 | H7: 4898 | I7: =_xlfn.XLOOKUP(A7,targets!A:A,targets!B:B,"no target") -> 1300000 | J7: =IF(ISNUMBER(I7),E7/I7,"") -> 0.95414318
A8: sports_leisure | B8: 2490.76 | C8: 525556.12 | D8: 619197.75 | E8: =SUM(B8:D8) -> 1147244.6 | F8: 17 | G8: 3621 | H8: 4035 | I8: =_xlfn.XLOOKUP(A8,targets!A:A,targets!B:B,"no target") -> 1100000 | J8: =IF(ISNUMBER(I8),E8/I8,"") -> 1.0429497
A9: computers_accessories | B9: 1740.09 | C9: 457876.2 | D9: 591325.29 | E9: =SUM(B9:D9) -> 1050941.6 | F9: 18 | G9: 2606 | H9: 4030 | I9: =_xlfn.XLOOKUP(A9,targets!A:A,targets!B:B,"no target") -> 1000000 | J9: =IF(ISNUMBER(I9),E9/I9,"") -> 1.0509416
A10: furniture_decor | B10: 7188.51 | C10: 417689.55 | D10: 474747.98 | E10: =SUM(B10:D10) -> 899626.04 | F10: 52 | G10: 3187 | H10: 3186 | I10: =_xlfn.XLOOKUP(A10,targets!A:A,targets!B:B,"no target") -> no target | J10: =IF(ISNUMBER(I10),E10/I10,"")
A11: housewares | B11: 1542.54 | C11: 281669.71 | D11: 488822.89 | E11: =SUM(B11:D11) -> 772035.14 | F11: 9 | G11: 2439 | H11: 3399 | I11: =_xlfn.XLOOKUP(A11,targets!A:A,targets!B:B,"no target") -> no target | J11: =IF(ISNUMBER(I11),E11/I11,"")
A12: cool_stuff | B12: 1236.88 | C12: 439224.39 | D12: 263624.97 | E12: =SUM(B12:D12) -> 704086.24 | F12: 7 | G12: 2200 | H12: 1409 | I12: =_xlfn.XLOOKUP(A12,targets!A:A,targets!B:B,"no target") -> no target | J12: =IF(ISNUMBER(I12),E12/I12,"")
A13: auto | B13: 1752.46 | C13: 273825.48 | D13: 403028.7 | E13: =SUM(B13:D13) -> 678606.64 | F13: 9 | G13: 1415 | H13: 2448 | I13: =_xlfn.XLOOKUP(A13,targets!A:A,targets!B:B,"no target") -> no target | J13: =IF(ISNUMBER(I13),E13/I13,"")
A14: garden_tools | B14: 1465.19 | C14: 319586.33 | D14: 258473.68 | E14: =SUM(B14:D14) -> 579525.2 | F14: 5 | G14: 1969 | H14: 1531 | I14: =_xlfn.XLOOKUP(A14,targets!A:A,targets!B:B,"no target") -> no target | J14: =IF(ISNUMBER(I14),E14/I14,"")
A15: toys | B15: 4591.53 | C15: 353519.64 | D15: 198672.12 | E15: =SUM(B15:D15) -> 556783.29 | F15: 22 | G15: 2438 | H15: 1395 | I15: =_xlfn.XLOOKUP(A15,targets!A:A,targets!B:B,"no target") -> no target | J15: =IF(ISNUMBER(I15),E15/I15,"")
A16: baby | B16: 1517.55 | C16: 178695.82 | D16: 298106.63 | E16: =SUM(B16:D16) -> 478320 | F16: 9 | G16: 1203 | H16: 1656 | I16: =_xlfn.XLOOKUP(A16,targets!A:A,targets!B:B,"no target") -> no target | J16: =IF(ISNUMBER(I16),E16/I16,"")
... A78: security_and_services | B78: 0 | C78: 324.51 | D78: 0 | E78: =SUM(B78:D78) -> 324.51 | F78: 0 | G78: 2 | H78: 0 | I78: =_xlfn.XLOOKUP(A78,targets!A:A,targets!B:B,"no target") -> no target | J78: =IF(ISNUMBER(I78),E78/I78,"")

Sheet targets
A1: category_name | B1: target_revenue | D1: Illustrative targets for the exercise, not real Olist figures.
A2: health_beauty | B2: 1400000
A3: watches_gifts | B3: 1200000
A4: bed_bath_table | B4: 1300000
A5: sports_leisure | B5: 1100000
A6: computers_accessories | B6: 1000000
